{"images": [{"flickr_url": "", "file_name": "10_binary.png", "license": 0, "id": 1, "height": 664, "coco_url": "", "width": 512, "date_captured": 0}, {"flickr_url": "", "file_name": "10_gray.png", "license": 0, "id": 2, "height": 664, "coco_url": "", "width": 512, "date_captured": 0}, {"flickr_url": "", "file_name": "12_gray.png", "license": 0, "id": 3, "height": 661, "coco_url": "", "width": 512, "date_captured": 0}, {"flickr_url": "", "file_name": "13_binary.png", "license": 0, "id": 4, "height": 649, "coco_url": "", "width": 512, "date_captured": 0}, {"flickr_url": "", "file_name": "14_gray.png", "license": 0, "id": 5, "height": 662, "coco_url": "", "width": 512, "date_captured": 0}, {"flickr_url": "", "file_name": "15_gray.png", "license": 0, "id": 6, "height": 667, "coco_url": "", "width": 512, "date_captured": 0}, {"flickr_url": "", "file_name": "16_gray.png", "license": 0, "id": 7, "height": 654, "coco_url": "", "width": 512, "date_captured": 0}, {"flickr_url": "", "file_name": "17_binary.png", "license": 0, "id": 8, "height": 660, "coco_url": "", "width": 512, "date_captured": 0}, {"flickr_url": "", "file_name": "17_gray.png", "license": 0, "id": 9, "height": 660, "coco_url": "", "width": 512, "date_captured": 0}, {"flickr_url": "", "file_name": "19_gray.png", "license": 0, "id": 10, "height": 662, "coco_url": "", "width": 512, "date_captured": 0}, {"flickr_url": "", "file_name": "1_binary.png", "license": 0, "id": 11, "height": 642, "coco_url": "", "width": 512, "date_captured": 0}, {"flickr_url": "", "file_name": "1_gray.png", "license": 0, "id": 12, "height": 642, "coco_url": "", "width": 512, "date_captured": 0}, {"flickr_url": "", "file_name": "20_binary.png", "license": 0, "id": 13, "height": 621, "coco_url": "", "width": 512, "date_captured": 0}, {"flickr_url": "", "file_name": "20_gray.png", "license": 0, "id": 14, "height": 621, "coco_url": "", "width": 512, "date_captured": 0}, {"flickr_url": "", "file_name": "21_binary.png", "license": 0, "id": 15, "height": 662, "coco_url": "", "width": 512, "date_captured": 0}, {"flickr_url": "", "file_name": "21_gray.png", "license": 0, "id": 16, "height": 662, "coco_url": "", "width": 512, "date_captured": 0}, {"flickr_url": "", "file_name": "22_gray.png", "license": 0, "id": 17, "height": 645, "coco_url": "", "width": 512, "date_captured": 0}, {"flickr_url": "", "file_name": "23_gray.png", "license": 0, "id": 18, "height": 645, "coco_url": "", "width": 512, "date_captured": 0}, {"flickr_url": "", "file_name": "24_binary.png", "license": 0, "id": 19, "height": 661, "coco_url": "", "width": 512, "date_captured": 0}, {"flickr_url": "", "file_name": "25_binary.png", "license": 0, "id": 20, "height": 614, "coco_url": "", "width": 512, "date_captured": 0}, {"flickr_url": "", "file_name": "25_gray.png", "license": 0, "id": 21, "height": 614, "coco_url": "", "width": 512, "date_captured": 0}, {"flickr_url": "", "file_name": "26_binary.png", "license": 0, "id": 22, "height": 657, "coco_url": "", "width": 512, "date_captured": 0}, {"flickr_url": "", "file_name": "26_gray.png", "license": 0, "id": 23, "height": 657, "coco_url": "", "width": 512, "date_captured": 0}, {"flickr_url": "", "file_name": "27_binary.png", "license": 0, "id": 24, "height": 661, "coco_url": "", "width": 512, "date_captured": 0}, {"flickr_url": "", "file_name": "27_gray.png", "license": 0, "id": 25, "height": 661, "coco_url": "", "width": 512, "date_captured": 0}, {"flickr_url": "", "file_name": "28_gray.png", "license": 0, "id": 26, "height": 665, "coco_url": "", "width": 512, "date_captured": 0}, {"flickr_url": "", "file_name": "29_binary.png", "license": 0, "id": 27, "height": 625, "coco_url": "", "width": 512, "date_captured": 0}, {"flickr_url": "", "file_name": "29_gray.png", "license": 0, "id": 28, "height": 625, "coco_url": "", "width": 512, "date_captured": 0}, {"flickr_url": "", "file_name": "2_binary.png", "license": 0, "id": 29, "height": 674, "coco_url": "", "width": 512, "date_captured": 0}, {"flickr_url": "", "file_name": "2_gray.png", "license": 0, "id": 30, "height": 674, "coco_url": "", "width": 512, "date_captured": 0}, {"flickr_url": "", "file_name": "30_gray.png", "license": 0, "id": 31, "height": 662, "coco_url": "", "width": 512, "date_captured": 0}, {"flickr_url": "", "file_name": "32_binary.png", "license": 0, "id": 32, "height": 662, "coco_url": "", "width": 512, "date_captured": 0}, {"flickr_url": "", "file_name": "32_gray.png", "license": 0, "id": 33, "height": 662, "coco_url": "", "width": 512, "date_captured": 0}, {"flickr_url": "", "file_name": "33_binary.png", "license": 0, "id": 34, "height": 662, "coco_url": "", "width": 512, "date_captured": 0}, {"flickr_url": "", "file_name": "33_gray.png", "license": 0, "id": 35, "height": 662, "coco_url": "", "width": 512, "date_captured": 0}, {"flickr_url": "", "file_name": "35_binary.png", "license": 0, "id": 36, "height": 679, "coco_url": "", "width": 512, "date_captured": 0}, {"flickr_url": "", "file_name": "35_gray.png", "license": 0, "id": 37, "height": 679, "coco_url": "", "width": 512, "date_captured": 0}, {"flickr_url": "", "file_name": "36_gray.png", "license": 0, "id": 38, "height": 661, "coco_url": "", "width": 512, "date_captured": 0}, {"flickr_url": "", "file_name": "37_binary.png", "license": 0, "id": 39, "height": 384, "coco_url": "", "width": 512, "date_captured": 0}, {"flickr_url": "", "file_name": "37_gray.png", "license": 0, "id": 40, "height": 384, "coco_url": "", "width": 512, "date_captured": 0}, {"flickr_url": "", "file_name": "38_binary.png", "license": 0, "id": 41, "height": 682, "coco_url": "", "width": 512, "date_captured": 0}, {"flickr_url": "", "file_name": "40_binary.png", "license": 0, "id": 42, "height": 680, "coco_url": "", "width": 512, "date_captured": 0}, {"flickr_url": "", "file_name": "42_binary.png", "license": 0, "id": 43, "height": 671, "coco_url": "", "width": 512, "date_captured": 0}, {"flickr_url": "", "file_name": "43_binary.png", "license": 0, "id": 44, "height": 662, "coco_url": "", "width": 512, "date_captured": 0}, {"flickr_url": "", "file_name": "43_gray.png", "license": 0, "id": 45, "height": 662, "coco_url": "", "width": 512, "date_captured": 0}, {"flickr_url": "", "file_name": "44_binary.png", "license": 0, "id": 46, "height": 711, "coco_url": "", "width": 512, "date_captured": 0}, {"flickr_url": "", "file_name": "44_gray.png", "license": 0, "id": 47, "height": 711, "coco_url": "", "width": 512, "date_captured": 0}, {"flickr_url": "", "file_name": "45_binary.png", "license": 0, "id": 48, "height": 633, "coco_url": "", "width": 512, "date_captured": 0}, {"flickr_url": "", "file_name": "46_gray.png", "license": 0, "id": 49, "height": 599, "coco_url": "", "width": 512, "date_captured": 0}, {"flickr_url": "", "file_name": "47_binary.png", "license": 0, "id": 50, "height": 651, "coco_url": "", "width": 512, "date_captured": 0}, {"flickr_url": "", "file_name": "47_gray.png", "license": 0, "id": 51, "height": 651, "coco_url": "", "width": 512, "date_captured": 0}, {"flickr_url": "", "file_name": "48_binary.png", "license": 0, "id": 52, "height": 657, "coco_url": "", "width": 512, "date_captured": 0}, {"flickr_url": "", "file_name": "4_binary.png", "license": 0, "id": 53, "height": 657, "coco_url": "", "width": 512, "date_captured": 0}, {"flickr_url": "", "file_name": "50_gray.png", "license": 0, "id": 54, "height": 621, "coco_url": "", "width": 512, "date_captured": 0}, {"flickr_url": "", "file_name": "51_binary.png", "license": 0, "id": 55, "height": 671, "coco_url": "", "width": 512, "date_captured": 0}, {"flickr_url": "", "file_name": "51_gray.png", "license": 0, "id": 56, "height": 671, "coco_url": "", "width": 512, "date_captured": 0}, {"flickr_url": "", "file_name": "52_binary.png", "license": 0, "id": 57, "height": 661, "coco_url": "", "width": 512, "date_captured": 0}, {"flickr_url": "", "file_name": "5_binary.png", "license": 0, "id": 58, "height": 645, "coco_url": "", "width": 512, "date_captured": 0}, {"flickr_url": "", "file_name": "6_binary.png", "license": 0, "id": 59, "height": 653, "coco_url": "", "width": 512, "date_captured": 0}, {"flickr_url": "", "file_name": "7_binary.png", "license": 0, "id": 60, "height": 661, "coco_url": "", "width": 512, "date_captured": 0}, {"flickr_url": "", "file_name": "7_gray.png", "license": 0, "id": 61, "height": 661, "coco_url": "", "width": 512, "date_captured": 0}, {"flickr_url": "", "file_name": "8_binary.png", "license": 0, "id": 62, "height": 659, "coco_url": "", "width": 512, "date_captured": 0}, {"flickr_url": "", "file_name": "9_gray.png", "license": 0, "id": 63, "height": 653, "coco_url": "", "width": 512, "date_captured": 0}], "licenses": [{"id": 0, "name": "", "url": ""}], "annotations": [{"bbox": [26.8, 74.27, 483.72, 565.3], "iscrowd": 0, "image_id": 1, "area": 273446.916, "id": 0, "segmentation": [], "category_id": 1, "attributes": {"occluded": false}}, {"bbox": [26.39, 68.81, 481.28, 572.63], "iscrowd": 0, "image_id": 2, "area": 275595.36640000006, "id": 0, "segmentation": [], "category_id": 1, "attributes": {"occluded": false}}, {"bbox": [18.04, 69.2, 472.61, 568.43], "iscrowd": 0, "image_id": 3, "area": 268645.70229999995, "id": 0, "segmentation": [], "category_id": 1, "attributes": {"occluded": false}}, {"bbox": [5.62, 59.83, 495.92, 578.84], "iscrowd": 0, "image_id": 4, "area": 287058.3328, "id": 0, "segmentation": [], "category_id": 1, "attributes": {"occluded": false}}, {"bbox": [15.25, 71.53, 479.01, 561.97], "iscrowd": 0, "image_id": 5, "area": 269189.2497, "id": 0, "segmentation": [], "category_id": 1, "attributes": {"occluded": false}}, {"bbox": [17.53, 76.2, 479.36, 560.48], "iscrowd": 0, "image_id": 6, "area": 268671.69279999996, "id": 0, "segmentation": [], "category_id": 1, "attributes": {"occluded": false}}, {"bbox": [7.72, 61.07, 495.72, 582.49], "iscrowd": 0, "image_id": 7, "area": 288751.9427999999, "id": 0, "segmentation": [], "category_id": 1, "attributes": {"occluded": false}}, {"bbox": [9.49, 72.16, 488.92, 573.25], "iscrowd": 0, "image_id": 8, "area": 280273.39, "id": 0, "segmentation": [], "category_id": 1, "attributes": {"occluded": false}}, {"bbox": [10.3, 74.59, 487.29, 571.63], "iscrowd": 0, "image_id": 9, "area": 278549.58269999997, "id": 0, "segmentation": [], "category_id": 1, "attributes": {"occluded": false}}, {"bbox": [25.01, 82.91, 454.62, 531.07], "iscrowd": 0, "image_id": 10, "area": 241435.04340000002, "id": 0, "segmentation": [], "category_id": 1, "attributes": {"occluded": false}}, {"bbox": [15.45, 65.45, 470.06, 552.88], "iscrowd": 0, "image_id": 11, "area": 259886.7728, "id": 0, "segmentation": [], "category_id": 1, "attributes": {"occluded": false}}, {"bbox": [15.45, 63.87, 472.43, 555.25], "iscrowd": 0, "image_id": 12, "area": 262316.7575, "id": 0, "segmentation": [], "category_id": 1, "attributes": {"occluded": false}}, {"bbox": [23.3, 70.22, 463.84, 524.11], "iscrowd": 0, "image_id": 13, "area": 243103.1824, "id": 0, "segmentation": [], "category_id": 1, "attributes": {"occluded": false}}, {"bbox": [22.54, 65.64, 466.13, 529.45], "iscrowd": 0, "image_id": 14, "area": 246792.52850000001, "id": 0, "segmentation": [], "category_id": 1, "attributes": {"occluded": false}}, {"bbox": [15.25, 65.83, 483.89, 571.73], "iscrowd": 0, "image_id": 15, "area": 276654.4296999999, "id": 0, "segmentation": [], "category_id": 1, "attributes": {"occluded": false}}, {"bbox": [16.06, 65.02, 483.08, 571.73], "iscrowd": 0, "image_id": 16, "area": 276191.3284, "id": 0, "segmentation": [], "category_id": 1, "attributes": {"occluded": false}}, {"bbox": [11.92, 58.67, 488.9, 577.64], "iscrowd": 0, "image_id": 17, "area": 282408.196, "id": 0, "segmentation": [], "category_id": 1, "attributes": {"occluded": false}}, {"bbox": [44.4, 95.91, 433.44, 498.41], "iscrowd": 0, "image_id": 18, "area": 216030.83040000004, "id": 0, "segmentation": [], "category_id": 1, "attributes": {"occluded": false}}, {"bbox": [20.48, 74.72, 480.73, 558.69], "iscrowd": 0, "image_id": 19, "area": 268579.0436999999, "id": 0, "segmentation": [], "category_id": 1, "attributes": {"occluded": false}}, {"bbox": [8.62, 27.93, 499.34, 575.53], "iscrowd": 0, "image_id": 20, "area": 287385.15020000003, "id": 0, "segmentation": [], "category_id": 1, "attributes": {"occluded": false}}, {"bbox": [8.62, 30.94, 498.59, 574.03], "iscrowd": 0, "image_id": 21, "area": 286205.61769999994, "id": 0, "segmentation": [], "category_id": 1, "attributes": {"occluded": false}}, {"bbox": [17.92, 75.07, 482.67, 566.6], "iscrowd": 0, "image_id": 22, "area": 273480.8219999999, "id": 0, "segmentation": [], "category_id": 1, "attributes": {"occluded": false}}, {"bbox": [15.5, 75.07, 487.51, 569.02], "iscrowd": 0, "image_id": 23, "area": 277402.9402, "id": 0, "segmentation": [], "category_id": 1, "attributes": {"occluded": false}}, {"bbox": [20.48, 77.97, 478.29, 556.25], "iscrowd": 0, "image_id": 24, "area": 266048.8125, "id": 0, "segmentation": [], "category_id": 1, "attributes": {"occluded": false}}, {"bbox": [19.67, 80.41, 478.29, 553.0], "iscrowd": 0, "image_id": 25, "area": 264494.37, "id": 0, "segmentation": [], "category_id": 1, "attributes": {"occluded": false}}, {"bbox": [14.96, 71.09, 483.64, 568.6], "iscrowd": 0, "image_id": 26, "area": 274997.704, "id": 0, "segmentation": [], "category_id": 1, "attributes": {"occluded": false}}, {"bbox": [3.39, 66.04, 492.94, 548.22], "iscrowd": 0, "image_id": 27, "area": 270239.56680000003, "id": 0, "segmentation": [], "category_id": 1, "attributes": {"occluded": false}}, {"bbox": [4.16, 66.81, 486.79, 545.15], "iscrowd": 0, "image_id": 28, "area": 265373.56850000005, "id": 0, "segmentation": [], "category_id": 1, "attributes": {"occluded": false}}, {"bbox": [13.4, 79.47, 491.84, 572.99], "iscrowd": 0, "image_id": 29, "area": 281819.40160000004, "id": 0, "segmentation": [], "category_id": 1, "attributes": {"occluded": false}}, {"bbox": [14.23, 81.13, 489.35, 570.5], "iscrowd": 0, "image_id": 30, "area": 279174.175, "id": 0, "segmentation": [], "category_id": 1, "attributes": {"occluded": false}}, {"bbox": [16.88, 69.98, 477.38, 567.58], "iscrowd": 0, "image_id": 31, "area": 270951.3404, "id": 0, "segmentation": [], "category_id": 1, "attributes": {"occluded": false}}, {"bbox": [16.06, 76.41, 479.83, 563.59], "iscrowd": 0, "image_id": 32, "area": 270427.3897, "id": 0, "segmentation": [], "category_id": 1, "attributes": {"occluded": false}}, {"bbox": [16.88, 69.09, 483.89, 567.66], "iscrowd": 0, "image_id": 33, "area": 274684.9974, "id": 0, "segmentation": [], "category_id": 1, "attributes": {"occluded": false}}, {"bbox": [18.5, 71.53, 476.58, 561.15], "iscrowd": 0, "image_id": 34, "area": 267432.86699999997, "id": 0, "segmentation": [], "category_id": 1, "attributes": {"occluded": false}}, {"bbox": [17.69, 71.53, 478.2, 561.15], "iscrowd": 0, "image_id": 35, "area": 268341.93, "id": 0, "segmentation": [], "category_id": 1, "attributes": {"occluded": false}}, {"bbox": [3.21, 77.54, 495.49, 578.9], "iscrowd": 0, "image_id": 36, "area": 286839.161, "id": 0, "segmentation": [], "category_id": 1, "attributes": {"occluded": false}}, {"bbox": [3.21, 72.53, 498.83, 583.07], "iscrowd": 0, "image_id": 37, "area": 290852.8081, "id": 0, "segmentation": [], "category_id": 1, "attributes": {"occluded": false}}, {"bbox": [19.67, 71.48, 473.42, 563.55], "iscrowd": 0, "image_id": 38, "area": 266795.84099999996, "id": 0, "segmentation": [], "category_id": 1, "attributes": {"occluded": false}}, {"bbox": [123.44, 33.95, 274.55, 322.2], "iscrowd": 0, "image_id": 39, "area": 88460.01, "id": 0, "segmentation": [], "category_id": 1, "attributes": {"occluded": false}}, {"bbox": [122.49, 34.42, 273.14, 320.31], "iscrowd": 0, "image_id": 40, "area": 87489.4734, "id": 0, "segmentation": [], "category_id": 1, "attributes": {"occluded": false}}, {"bbox": [30.61, 66.22, 452.43, 532.86], "iscrowd": 0, "image_id": 41, "area": 241081.8498, "id": 0, "segmentation": [], "category_id": 1, "attributes": {"occluded": false}}, {"bbox": [14.58, 93.53, 482.02, 566.39], "iscrowd": 0, "image_id": 42, "area": 273011.3078, "id": 0, "segmentation": [], "category_id": 1, "attributes": {"occluded": false}}, {"bbox": [7.03, 68.44, 488.82, 568.78], "iscrowd": 0, "image_id": 43, "area": 278031.0396, "id": 0, "segmentation": [], "category_id": 1, "attributes": {"occluded": false}}, {"bbox": [33.14, 92.67, 447.3, 520.57], "iscrowd": 0, "image_id": 44, "area": 232850.96100000004, "id": 0, "segmentation": [], "category_id": 1, "attributes": {"occluded": false}}, {"bbox": [33.14, 89.42, 449.74, 525.37], "iscrowd": 0, "image_id": 45, "area": 236279.9038, "id": 0, "segmentation": [], "category_id": 1, "attributes": {"occluded": false}}, {"bbox": [17.81, 71.97, 484.78, 615.79], "iscrowd": 0, "image_id": 46, "area": 298522.6762, "id": 0, "segmentation": [], "category_id": 1, "attributes": {"occluded": false}}, {"bbox": [16.94, 65.85, 476.91, 617.54], "iscrowd": 0, "image_id": 47, "area": 294511.0014, "id": 0, "segmentation": [], "category_id": 1, "attributes": {"occluded": false}}, {"bbox": [24.25, 53.64, 465.03, 546.68], "iscrowd": 0, "image_id": 48, "area": 254222.60040000002, "id": 0, "segmentation": [], "category_id": 1, "attributes": {"occluded": false}}, {"bbox": [16.88, 38.29, 470.22, 546.02], "iscrowd": 0, "image_id": 49, "area": 256749.5244, "id": 0, "segmentation": [], "category_id": 1, "attributes": {"occluded": false}}, {"bbox": [15.26, 64.77, 477.46, 563.03], "iscrowd": 0, "image_id": 50, "area": 268824.3038, "id": 0, "segmentation": [], "category_id": 1, "attributes": {"occluded": false}}, {"bbox": [15.26, 64.77, 476.66, 560.63], "iscrowd": 0, "image_id": 51, "area": 267229.8958, "id": 0, "segmentation": [], "category_id": 1, "attributes": {"occluded": false}}, {"bbox": [20.35, 72.65, 469.74, 555.3], "iscrowd": 0, "image_id": 52, "area": 260846.622, "id": 0, "segmentation": [], "category_id": 1, "attributes": {"occluded": false}}, {"bbox": [15.5, 77.49, 487.51, 568.22], "iscrowd": 0, "image_id": 53, "area": 277012.9322, "id": 0, "segmentation": [], "category_id": 1, "attributes": {"occluded": false}}, {"bbox": [23.3, 64.88, 466.13, 533.27], "iscrowd": 0, "image_id": 54, "area": 248573.1451, "id": 0, "segmentation": [], "category_id": 1, "attributes": {"occluded": false}}, {"bbox": [9.5, 61.84, 487.17, 576.21], "iscrowd": 0, "image_id": 55, "area": 280712.22569999995, "id": 0, "segmentation": [], "category_id": 1, "attributes": {"occluded": false}}, {"bbox": [7.03, 61.02, 489.64, 573.73], "iscrowd": 0, "image_id": 56, "area": 280921.1572, "id": 0, "segmentation": [], "category_id": 1, "attributes": {"occluded": false}}, {"bbox": [18.04, 69.85, 475.05, 571.68], "iscrowd": 0, "image_id": 57, "area": 271576.584, "id": 0, "segmentation": [], "category_id": 1, "attributes": {"occluded": false}}, {"bbox": [13.5, 62.63, 474.64, 566.55], "iscrowd": 0, "image_id": 58, "area": 268907.29199999996, "id": 0, "segmentation": [], "category_id": 1, "attributes": {"occluded": false}}, {"bbox": [23.39, 56.12, 463.68, 543.1], "iscrowd": 0, "image_id": 59, "area": 251824.608, "id": 0, "segmentation": [], "category_id": 1, "attributes": {"occluded": false}}, {"bbox": [23.73, 74.72, 472.6, 554.63], "iscrowd": 0, "image_id": 60, "area": 262118.13799999998, "id": 0, "segmentation": [], "category_id": 1, "attributes": {"occluded": false}}, {"bbox": [23.73, 73.91, 471.79, 554.62], "iscrowd": 0, "image_id": 61, "area": 261664.16979999997, "id": 0, "segmentation": [], "category_id": 1, "attributes": {"occluded": false}}, {"bbox": [14.73, 69.62, 480.08, 563.47], "iscrowd": 0, "image_id": 62, "area": 270510.6776, "id": 0, "segmentation": [], "category_id": 1, "attributes": {"occluded": false}}, {"bbox": [16.17, 69.76, 484.54, 567.16], "iscrowd": 0, "image_id": 63, "area": 274811.70639999997, "id": 0, "segmentation": [], "category_id": 1, "attributes": {"occluded": false}}], "info": {"url": "", "year": "", "description": "", "date_created": "", "contributor": "", "version": ""}, "categories": [{"id": 1, "name": "hicfa", "supercategory": ""}, {"id": 2, "name": "mark_enabled", "supercategory": ""}, {"id": 3, "name": "mark_disabled", "supercategory": ""}, {"id": 4, "name": "group_a", "supercategory": ""}]}